{
  "crop_mode": "mtcnn",
  "tta_name": "hflip",
  "n": 1200,
  "accuracy": 0.8583333333333333,
  "macro_f1": 0.8587507247796338,
  "nll": 0.4245542585849762,
  "per_class": {
    "anger": {
      "precision": 0.7606060606060606,
      "recall": 0.8366666666666667,
      "f1": 0.7968253968253968,
      "support": 300
    },
    "happy": {
      "precision": 0.9665551839464883,
      "recall": 0.9633333333333334,
      "f1": 0.9649415692821369,
      "support": 300
    },
    "panic": {
      "precision": 0.8415841584158416,
      "recall": 0.85,
      "f1": 0.845771144278607,
      "support": 300
    },
    "sadness": {
      "precision": 0.8768656716417911,
      "recall": 0.7833333333333333,
      "f1": 0.8274647887323944,
      "support": 300
    }
  },
  "confusion_matrix": [
    [
      251,
      2,
      26,
      21
    ],
    [
      3,
      289,
      7,
      1
    ],
    [
      29,
      5,
      255,
      11
    ],
    [
      47,
      3,
      15,
      235
    ]
  ],
  "latency_ms_per_img": {
    "mean": 1025.1353486378987,
    "median": 938.4145736694336,
    "p95": 1693.3549523353572
  },
  "elapsed_sec": 1344.6557672023773
}