{
  "crop_mode": "mtcnn",
  "tta_name": "none",
  "n": 1200,
  "accuracy": 0.8583333333333333,
  "macro_f1": 0.8589297317709694,
  "nll": 0.4302676022052765,
  "per_class": {
    "anger": {
      "precision": 0.7604790419161677,
      "recall": 0.8466666666666667,
      "f1": 0.8012618296529969,
      "support": 300
    },
    "happy": {
      "precision": 0.9663299663299664,
      "recall": 0.9566666666666667,
      "f1": 0.9614740368509213,
      "support": 300
    },
    "panic": {
      "precision": 0.8377483443708609,
      "recall": 0.8433333333333334,
      "f1": 0.840531561461794,
      "support": 300
    },
    "sadness": {
      "precision": 0.8838951310861424,
      "recall": 0.7866666666666666,
      "f1": 0.8324514991181657,
      "support": 300
    }
  },
  "confusion_matrix": [
    [
      254,
      2,
      27,
      17
    ],
    [
      4,
      287,
      7,
      2
    ],
    [
      30,
      5,
      253,
      12
    ],
    [
      46,
      3,
      15,
      236
    ]
  ],
  "latency_ms_per_img": {
    "mean": 493.6713093519211,
    "median": 446.0928440093994,
    "p95": 850.7065296173092
  },
  "elapsed_sec": 699.7848105430603
}