{
  "crop_mode": "none",
  "tta_name": "5crop",
  "n": 1200,
  "accuracy": 0.27166666666666667,
  "macro_f1": 0.2492959123417391,
  "nll": 1.417319893836975,
  "per_class": {
    "anger": {
      "precision": 0.3018867924528302,
      "recall": 0.37333333333333335,
      "f1": 0.33383010432190763,
      "support": 300
    },
    "happy": {
      "precision": 0.26785714285714285,
      "recall": 0.05,
      "f1": 0.08426966292134831,
      "support": 300
    },
    "panic": {
      "precision": 0.24034334763948498,
      "recall": 0.37333333333333335,
      "f1": 0.2924281984334204,
      "support": 300
    },
    "sadness": {
      "precision": 0.28338762214983715,
      "recall": 0.29,
      "f1": 0.28665568369028005,
      "support": 300
    }
  },
  "confusion_matrix": [
    [
      112,
      16,
      121,
      51
    ],
    [
      94,
      15,
      109,
      82
    ],
    [
      84,
      17,
      112,
      87
    ],
    [
      81,
      8,
      124,
      87
    ]
  ],
  "latency_ms_per_img": {
    "mean": 59.136010011037186,
    "median": 58.493733406066895,
    "p95": 63.4913682937622
  },
  "elapsed_sec": 126.03175640106201
}