{
  "crop_mode": "mtcnn",
  "tta_name": "none",
  "n": 1200,
  "accuracy": 0.8258333333333333,
  "macro_f1": 0.8285424015458461,
  "nll": 0.5458326935768127,
  "per_class": {
    "anger": {
      "precision": 0.6718346253229974,
      "recall": 0.8666666666666667,
      "f1": 0.7569141193595342,
      "support": 300
    },
    "happy": {
      "precision": 0.9823321554770318,
      "recall": 0.9266666666666666,
      "f1": 0.9536878216123499,
      "support": 300
    },
    "panic": {
      "precision": 0.8902439024390244,
      "recall": 0.73,
      "f1": 0.8021978021978022,
      "support": 300
    },
    "sadness": {
      "precision": 0.823943661971831,
      "recall": 0.78,
      "f1": 0.8013698630136986,
      "support": 300
    }
  },
  "confusion_matrix": [
    [
      260,
      2,
      14,
      24
    ],
    [
      12,
      278,
      6,
      4
    ],
    [
      58,
      1,
      219,
      22
    ],
    [
      57,
      2,
      7,
      234
    ]
  ],
  "latency_ms_per_img": {
    "mean": 260.9626903136571,
    "median": 213.26684951782227,
    "p95": 512.6958608627318
  },
  "elapsed_sec": 377.827677488327
}