{
  "crop_mode": "none",
  "tta_name": "hflip",
  "n": 1200,
  "accuracy": 0.6066666666666667,
  "macro_f1": 0.606035897562262,
  "nll": 0.9786372780799866,
  "per_class": {
    "anger": {
      "precision": 0.47181008902077154,
      "recall": 0.53,
      "f1": 0.49921507064364207,
      "support": 300
    },
    "happy": {
      "precision": 0.8617886178861789,
      "recall": 0.7066666666666667,
      "f1": 0.7765567765567766,
      "support": 300
    },
    "panic": {
      "precision": 0.8181818181818182,
      "recall": 0.39,
      "f1": 0.5282167042889391,
      "support": 300
    },
    "sadness": {
      "precision": 0.5063291139240507,
      "recall": 0.8,
      "f1": 0.6201550387596899,
      "support": 300
    }
  },
  "confusion_matrix": [
    [
      159,
      15,
      13,
      113
    ],
    [
      33,
      212,
      11,
      44
    ],
    [
      99,
      7,
      117,
      77
    ],
    [
      46,
      12,
      2,
      240
    ]
  ],
  "latency_ms_per_img": {
    "mean": 67.69729733467102,
    "median": 59.80384349822998,
    "p95": 108.56578350067137
  },
  "elapsed_sec": 139.80982661247253
}