{
  "crop_mode": "none",
  "tta_name": "5crop_mscale",
  "n": 1200,
  "accuracy": 0.5566666666666666,
  "macro_f1": 0.5621246202346061,
  "nll": 1.031030297279358,
  "per_class": {
    "anger": {
      "precision": 0.42105263157894735,
      "recall": 0.4533333333333333,
      "f1": 0.43659711075441415,
      "support": 300
    },
    "happy": {
      "precision": 0.8393782383419689,
      "recall": 0.54,
      "f1": 0.6572008113590264,
      "support": 300
    },
    "panic": {
      "precision": 0.6377952755905512,
      "recall": 0.54,
      "f1": 0.5848375451263538,
      "support": 300
    },
    "sadness": {
      "precision": 0.48372093023255813,
      "recall": 0.6933333333333334,
      "f1": 0.5698630136986301,
      "support": 300
    }
  },
  "confusion_matrix": [
    [
      136,
      15,
      48,
      101
    ],
    [
      44,
      162,
      33,
      61
    ],
    [
      70,
      8,
      162,
      60
    ],
    [
      73,
      8,
      11,
      208
    ]
  ],
  "latency_ms_per_img": {
    "mean": 156.97116057078046,
    "median": 151.68535709381104,
    "p95": 188.3195400238037
  },
  "elapsed_sec": 250.9390001296997
}