{
  "crop_mode": "mtcnn",
  "tta_name": "5crop_mscale",
  "n": 1200,
  "accuracy": 0.7633333333333333,
  "macro_f1": 0.7662454723870439,
  "nll": 0.6802771091461182,
  "per_class": {
    "anger": {
      "precision": 0.7357859531772575,
      "recall": 0.7333333333333333,
      "f1": 0.7345575959933222,
      "support": 300
    },
    "happy": {
      "precision": 1.0,
      "recall": 0.67,
      "f1": 0.8023952095808383,
      "support": 300
    },
    "panic": {
      "precision": 0.6395061728395062,
      "recall": 0.8633333333333333,
      "f1": 0.7347517730496453,
      "support": 300
    },
    "sadness": {
      "precision": 0.8,
      "recall": 0.7866666666666666,
      "f1": 0.7932773109243697,
      "support": 300
    }
  },
  "confusion_matrix": [
    [
      220,
      0,
      60,
      20
    ],
    [
      21,
      201,
      53,
      25
    ],
    [
      27,
      0,
      259,
      14
    ],
    [
      31,
      0,
      33,
      236
    ]
  ],
  "latency_ms_per_img": {
    "mean": 481.5409777561824,
    "median": 476.6584634780884,
    "p95": 550.3035664558411
  },
  "elapsed_sec": 644.4908761978149
}