{
  "crop_mode": "mtcnn",
  "tta_name": "5crop",
  "n": 1200,
  "accuracy": 0.2708333333333333,
  "macro_f1": 0.24761116683742546,
  "nll": 1.4173328876495361,
  "per_class": {
    "anger": {
      "precision": 0.3010752688172043,
      "recall": 0.37333333333333335,
      "f1": 0.3333333333333333,
      "support": 300
    },
    "happy": {
      "precision": 0.25925925925925924,
      "recall": 0.04666666666666667,
      "f1": 0.07909604519774012,
      "support": 300
    },
    "panic": {
      "precision": 0.24197002141327623,
      "recall": 0.37666666666666665,
      "f1": 0.29465449804432853,
      "support": 300
    },
    "sadness": {
      "precision": 0.28013029315960913,
      "recall": 0.2866666666666667,
      "f1": 0.2833607907742998,
      "support": 300
    }
  },
  "confusion_matrix": [
    [
      112,
      16,
      121,
      51
    ],
    [
      94,
      14,
      109,
      83
    ],
    [
      84,
      16,
      113,
      87
    ],
    [
      82,
      8,
      124,
      86
    ]
  ],
  "latency_ms_per_img": {
    "mean": 137.43057131767273,
    "median": 134.965181350708,
    "p95": 160.06615161895752
  },
  "elapsed_sec": 228.04700827598572
}