{
  "crop_mode": "mtcnn",
  "tta_name": "hflip",
  "n": 1200,
  "accuracy": 0.8341666666666666,
  "macro_f1": 0.8369467813431848,
  "nll": 0.5243622660636902,
  "per_class": {
    "anger": {
      "precision": 0.6831168831168831,
      "recall": 0.8766666666666667,
      "f1": 0.7678832116788321,
      "support": 300
    },
    "happy": {
      "precision": 0.9821428571428571,
      "recall": 0.9166666666666666,
      "f1": 0.9482758620689655,
      "support": 300
    },
    "panic": {
      "precision": 0.9061224489795918,
      "recall": 0.74,
      "f1": 0.8146788990825689,
      "support": 300
    },
    "sadness": {
      "precision": 0.8310344827586207,
      "recall": 0.8033333333333333,
      "f1": 0.8169491525423729,
      "support": 300
    }
  },
  "confusion_matrix": [
    [
      263,
      1,
      12,
      24
    ],
    [
      15,
      275,
      6,
      4
    ],
    [
      56,
      1,
      222,
      21
    ],
    [
      51,
      3,
      5,
      241
    ]
  ],
  "latency_ms_per_img": {
    "mean": 522.1697523196538,
    "median": 424.49116706848145,
    "p95": 1053.512179851532
  },
  "elapsed_sec": 693.1984620094299
}