{
  "crop_mode": "none",
  "tta_name": "none",
  "n": 1200,
  "accuracy": 0.6025,
  "macro_f1": 0.6022863714595754,
  "nll": 0.9918074607849121,
  "per_class": {
    "anger": {
      "precision": 0.4622356495468278,
      "recall": 0.51,
      "f1": 0.4849445324881141,
      "support": 300
    },
    "happy": {
      "precision": 0.8611111111111112,
      "recall": 0.7233333333333334,
      "f1": 0.7862318840579711,
      "support": 300
    },
    "panic": {
      "precision": 0.7972972972972973,
      "recall": 0.3933333333333333,
      "f1": 0.5267857142857143,
      "support": 300
    },
    "sadness": {
      "precision": 0.5010660980810234,
      "recall": 0.7833333333333333,
      "f1": 0.611183355006502,
      "support": 300
    }
  },
  "confusion_matrix": [
    [
      153,
      16,
      15,
      116
    ],
    [
      32,
      217,
      11,
      40
    ],
    [
      95,
      9,
      118,
      78
    ],
    [
      51,
      10,
      4,
      235
    ]
  ],
  "latency_ms_per_img": {
    "mean": 32.95696556568146,
    "median": 30.735373497009277,
    "p95": 49.75557327270508
  },
  "elapsed_sec": 103.78093957901001
}