{
  "n": 1200,
  "classes": [
    "anger",
    "happy",
    "panic",
    "sadness"
  ],
  "configs": {
    "Single E2 (ResNet50)": {
      "weights": [
        1.0,
        0.0,
        0.0,
        0.0
      ],
      "acc": 0.7758333333333334,
      "nll": 0.6362445167471382,
      "f1": 0.7746819639917689
    },
    "Single E4 (EffNet)": {
      "weights": [
        0.0,
        1.0,
        0.0,
        0.0
      ],
      "acc": 0.7933333333333333,
      "nll": 0.5665918781384545,
      "f1": 0.793985445113255
    },
    "Single E5 (ViT)": {
      "weights": [
        0.0,
        0.0,
        1.0,
        0.0
      ],
      "acc": 0.8383333333333334,
      "nll": 0.5222891815223448,
      "f1": 0.8396984694604541
    },
    "Single E9 (SigLIP KD)": {
      "weights": [
        0.0,
        0.0,
        0.0,
        1.0
      ],
      "acc": 0.8333333333333334,
      "nll": 0.9197788713096618,
      "f1": 0.833070349636905
    },
    "CNN only (E2+E4)": {
      "weights": [
        0.5,
        0.5,
        0.0,
        0.0
      ],
      "acc": 0.8041666666666667,
      "nll": 0.5485372034397801,
      "f1": 0.803826759475632
    },
    "No E9 (E2+E4+E5)": {
      "weights": [
        0.041151,
        0.073014,
        0.522546,
        0.0
      ],
      "acc": 0.8416666666666667,
      "nll": 0.48394176939172456,
      "f1": 0.8427452720025382
    },
    "No E2 (E4+E5+E9)": {
      "weights": [
        0.0,
        0.073014,
        0.522546,
        0.36329
      ],
      "acc": 0.8658333333333333,
      "nll": 0.46498636792444115,
      "f1": 0.8665767838938956
    },
    "No CNN (E5+E9)": {
      "weights": [
        0.0,
        0.0,
        0.522546,
        0.36329
      ],
      "acc": 0.86,
      "nll": 0.4790791335771579,
      "f1": 0.8608728659736693
    },
    "Uniform 4": {
      "weights": [
        1.0,
        1.0,
        1.0,
        1.0
      ],
      "acc": 0.8383333333333334,
      "nll": 0.4650750414369418,
      "f1": 0.8384605298400802
    },
    "Uniform 3 (no E9)": {
      "weights": [
        1.0,
        1.0,
        1.0,
        0.0
      ],
      "acc": 0.8375,
      "nll": 0.48956344929445056,
      "f1": 0.8376845615980122
    },
    "FULL (DE optimized)": {
      "weights": [
        0.041151,
        0.073014,
        0.522546,
        0.36329
      ],
      "acc": 0.8691666666666666,
      "nll": 0.45932909465493216,
      "f1": 0.8697144960266275
    }
  }
}